First Name,Last Name,Email,Phone Number,LinkedIn Profile,Location,Headline,Job Title,Company Name,Company Website,Company LinkedIn,Company Location,Company Industry,Company Size,Company Revenue,Active job openings,Hiring SDR/BDR roles,Company technology stack
Sébastien,Aubert,,,https://www.linkedin.com/in/adastrafilms,"Cannes, France",,"Founder, CEO",Adastra Films,http://www.adastra-films.com,https://www.linkedin.com/company/adastra-films,"Cannes, France",,,,,,
Evan,Anderson,,,https://www.linkedin.com/in/evananderson2,"Dallas, TX , United States",,"Founder, CEO",Oseberg,http://www.oseberg.io,https://www.linkedin.com/company/oseberg,"Dallas, TX , United States",,,,,,
Ariel,Michaeli,,,https://www.linkedin.com/in/arielmichaeli,"New York, NY , United States",,Founder + CEO,Appfigures,https://appfigures.com,https://www.linkedin.com/company/appfigures,"New York, NY , United States",,,,,,
Thomas,Huth,,,https://www.linkedin.com/in/thomas-huth-a3aa532,"Baar, ZG , Switzerland",,"Founder, CEO",Capefoxx AG,https://www.capefoxx.com/,https://www.linkedin.com/company/capefoxx-ag,"Baar, ZG , Switzerland",,,,,,
Amir,Fishslevich,,,https://www.linkedin.com/in/amir-fishslevich-7041369,"Kinneret, Israel",,"Founder, CEO",Incentives Solutions,http://www.incentives-solutions.com,https://www.linkedin.com/company/incentives-solutions,"Kinneret, Israel",,,,,,
Paras,Arora,,,https://www.linkedin.com/in/paras-arora-04642910,"DL , India",,Founder CEO,Qdesq,https://www.qdesq.com,https://www.linkedin.com/company/qdesq,"DL , India",,,,,,
Darren,Nix,,,https://www.linkedin.com/in/darrensnix,"Austin, TX , United States",,"Founder, CEO",Steadily Insurance Company,https://www.steadily.com,https://www.linkedin.com/company/steadily,"Austin, TX , United States",,,,,,
Robin,Berzin,,,https://www.linkedin.com/in/robin-berzin-md,"New York, NY , United States",,"Founder, CEO",Parsley Health,https://www.parsleyhealth.com,https://www.linkedin.com/company/parsley-health,"New York, NY , United States",,,,,,
Keri,Higgins-Bigelow,,,https://www.linkedin.com/in/keri-higgins-bigelow-73721515,United States,,Founder + CEO,"livingHR, Inc.",http://www.livinghr.com/,https://www.linkedin.com/company/livinghr,United States,,,,,,
Rajesh,Kotta,,,https://www.linkedin.com/in/rajeshkotta,"Bengaluru, KA , India",,"Founder, CEO",hustlehub,http://www.hustlehub.xyz,https://www.linkedin.com/company/hustlehubin,"Bengaluru, KA , India",,,,,,
Ravi,Mehra,,,https://www.linkedin.com/in/ravimehra,"Mumbai, MH , India",,Founder CEO,SHEERDRIVE,https://www.sheerdrive.in/,https://www.linkedin.com/company/sheerdrive,"Mumbai, MH , India",,,,,,
David,Belsky,,,https://www.linkedin.com/in/davidbelsky,"Nashville, TN , United States",,Founder + CEO,FlowerHire,http://www.flowerhire.com,https://www.linkedin.com/company/flowerhire,"Nashville, TN , United States",,,,,,
Shaheer,Ahmed,,,https://www.linkedin.com/in/shaheer,"Mumbai, MH , India",,"Founder, CEO",LocationGuru Solutions,http://www.locationguru.com,https://www.linkedin.com/company/locationguru-solutions,"Mumbai, MH , India",,,,,,
Matt,Chambers,,,https://www.linkedin.com/in/matt-chambers-8882036,"Austin, TX , United States",,Founder | CEO,Loxo,https://www.loxo.co/,https://www.linkedin.com/company/loxo,"Austin, TX , United States",,,,,,
Matt,McInnis,,,https://www.linkedin.com/in/mattmcinnis,"Toronto, ON , Canada",,"Founder, CEO",Typist,http://www.typistapp.ca,https://www.linkedin.com/company/typistapp,"Toronto, ON , Canada",,,,,,
Siddharth,Bhansali,,,https://www.linkedin.com/in/siddkb,"Mumbai, MH , India",,"Founder, CEO",Noesis.tech,http://noesis.tech,https://www.linkedin.com/company/noesis-tech,"Mumbai, MH , India",,,,,,
Hunter,Herren,,,https://www.linkedin.com/in/hunterherren,"Fort Worth, TX , United States",,Founder | CEO,Four Cornerstone,https://www.fourcornerstone.com,https://www.linkedin.com/company/four-cornerstone,"Fort Worth, TX , United States",,,,,,
David,Neale,,,https://www.linkedin.com/in/davidneale1,"Richmond, VA , United States",,Founder + CEO,FABLE Advertising,http://www.fableadvertising.com,https://www.linkedin.com/company/fable-branding,"Richmond, VA , United States",,,,,,
Gloria,Hwang,,,https://www.linkedin.com/in/ghwang,"Los Angeles, CA , United States",,Founder + CEO,Thousand,https://www.explorethousand.com/,https://www.linkedin.com/company/thousand,"Los Angeles, CA , United States",,,,,,
Michael,Witte,,,https://www.linkedin.com/in/mikewitte1,"Austin, TX , United States",,"Founder, CEO",EqualParts,https://www.equalparts.ai,https://www.linkedin.com/company/equalparts,"Austin, TX , United States",,,,,,
Jeremy,Yamaguchi,,,https://www.linkedin.com/in/jeremyyamaguchi,"San Diego, CA , United States",,"Founder, CEO",Cabana,https://cabanapools.com,https://www.linkedin.com/company/cabanapools,"San Diego, CA , United States",,,,,,
Rob,McGinnis,,,https://www.linkedin.com/in/robertmcginnis,"Santa Cruz, CA , United States",,"Founder, CEO",Prometheus,http://www.prometheusfuels.com,https://www.linkedin.com/company/prometheusfuels,"Santa Cruz, CA , United States",,,,,,
Ir.,Dohmen,,,https://www.linkedin.com/in/daandohmen,"Nijmegen, GE , The Netherlands",,Founder-CEO,Nassau420,http://www.nassau420.eu,https://www.linkedin.com/company/nassau420,"Nijmegen, GE , The Netherlands",,,,,,
Alex,Kipman,,,https://www.linkedin.com/in/akipman,"Abu Dhabi, United Arab Emirates",,Founder | CEO,Analog,https://analog.io,https://www.linkedin.com/company/analog-ai,"Abu Dhabi, United Arab Emirates",,,,,,
Bryan,Luoma,,,https://www.linkedin.com/in/bryanluoma,"New York, NY , United States",,Founder - CEO,TAHCHE,https://tahche.com/,https://www.linkedin.com/company/hirewithtahche,"New York, NY , United States",,,,,,
